{
  "feature_cols": [
    "delta_s",
    "delta_d",
    "delta_v",
    "euclid_dist",
    "Speed",
    "Throttle",
    "Brake",
    "d_final",
    "ds_dt",
    "dd_dt",
    "d2d_dt2",
    "curvature",
    "turn_sign",
    "left_margin",
    "right_margin",
    "track_width"
  ],
  "imputer_statistics": [
    0.0,
    0.0,
    -2.683330844444413,
    58.80932533666251,
    204.8187504,
    81.6750016,
    0.0,
    -0.4785239175800004,
    52.02339520968237,
    0.0,
    0.0,
    -1.0688333032435296e-05,
    -1.0,
    6.137768941826735,
    5.124235486870186,
    11.39
  ],
  "mean": [
    26.674687360982684,
    -0.010959976535554486,
    -5.8859339607066,
    88.94853495680343,
    197.81895751550246,
    61.784463576330374,
    0.19734909389147084,
    -0.53116135611142,
    53.96117631469953,
    -0.00018796499196346267,
    3.607791670849993e-05,
    -0.00011378354197670316,
    -0.06735622969885965,
    6.309709442070098,
    5.22180865206695,
    11.531518094137054
  ],
  "scale": [
    19037.180778972244,
    3.3470951061930405,
    61.94272190227661,
    96.69481396321515,
    76.2730706687297,
    41.93933440667968,
    0.3979980264168233,
    3.4461968856125393,
    386.61378936275605,
    2.797156340952212,
    6.083139696841372,
    0.016044848970080624,
    0.9977289904181168,
    3.7762375224252347,
    3.5806015048765314,
    2.5350990353060716
  ],
  "input_dim": 16,
  "output_dim": 1
}