{
  "feature_cols": [
    "delta_s",
    "delta_d",
    "delta_v",
    "euclid_dist",
    "Speed",
    "Throttle",
    "Brake",
    "d_final",
    "ds_dt",
    "dd_dt",
    "d2d_dt2",
    "curvature",
    "turn_sign",
    "left_margin",
    "right_margin",
    "track_width"
  ],
  "imputer_statistics": [
    -2.121828736155294,
    0.0,
    -2.750003200000009,
    53.38663502781896,
    200.06666524444444,
    76.87499804444444,
    0.0,
    -0.5029175372981861,
    50.46767495533501,
    0.0,
    0.0,
    -8.380566228390026e-06,
    -1.0,
    6.224704813161056,
    5.11131887794395,
    11.427
  ],
  "mean": [
    16.758045453711645,
    -0.008247951665769977,
    -5.888069729574141,
    83.41942426184642,
    194.58360170908458,
    60.06691097953592,
    0.21055836442454512,
    -0.5636013410536023,
    51.982177015610304,
    -0.007359719255809539,
    0.0010632293891343952,
    0.00015996826674009905,
    -0.05483726571984838,
    6.364386441195906,
    5.214754979659392,
    11.579141420855304
  ],
  "scale": [
    18412.148494826244,
    3.247195622592449,
    60.56436678725072,
    95.86387400987775,
    77.00237845822386,
    42.25081749061164,
    0.40770521163630646,
    3.431295359300677,
    393.55634487717737,
    2.8426341867721576,
    6.038862172824432,
    0.016746664281302122,
    0.9984953050908,
    3.7606975274962062,
    3.5866905055529643,
    2.594825064945096
  ],
  "classes": [
    "avoid_left",
    "avoid_right",
    "block_left",
    "block_right",
    "keep"
  ],
  "input_dim": 16,
  "output_dim": 5
}